term,lemma,group,gender_neutral,masculine
brother,brother,sibling,False,True
sister,sister,sibling,False,False
sibling,sibling,sibling,True,False
brothers,brother,sibling,False,True
sisters,sister,sibling,False,False
siblings,sibling,sibling,True,False
son,son,child,False,True
daughter,daughter,child,False,False
child,child,child,True,False
kid,kid,child,True,False
sons,son,child,False,True
daughters,daughter,child,False,False
children,child,child,True,False
kids,kid,child,True,False
grandson,grandson,grandchild,False,True
granddaughter,granddaughter,grandchild,False,False
grandchild,grandchild,grandchild,True,False
grandkid,grandkid,grandchild,True,False
grandsons,grandson,grandchild,False,True
granddaughters,granddaughter,grandchild,False,False
grandchildren,grandchild,grandchild,True,False
grandkids,grandkid,grandchild,True,False
father,father,parent,False,True
mother,mother,parent,False,False
mum,mum,parent,False,False
mom,mom,parent,False,False
dad,dad,parent,False,True
parent,parent,parent,True,False
fathers,father,parent,False,True
mothers,mother,parent,False,False
mums,mum,parent,False,False
moms,mom,parent,False,False
dads,dad,parent,False,True
parents,parent,parent,True,False
niece,niece,nibling,False,False
nephew,nephew,nibling,False,True
nibling,nibling,nibling,True,False
nieces,niece,nibling,False,False
nephews,nephew,nibling,False,True
niblings,nibling,nibling,True,False
grandfather,grandfather,grandparent,False,True
grandmother,grandmother,grandparent,False,False
grandma,grandma,grandparent,False,False
grandpa,grandpa,grandparent,False,True
grandparent,grandparent,grandparent,True,False
grandfathers,grandfather,grandparent,False,True
grandmothers,grandmother,grandparent,False,False
grandmas,grandma,grandparent,False,False
grandpas,grandpa,grandparent,False,True
grandparents,grandparent,grandparent,True,False
husband,husband,partner,False,True
wife,wife,partner,False,False
girlfriend,girlfriend,partner,False,False
boyfriend,boyfriend,partner,False,True
partner,partner,partner,True,False
spouse,spouse,partner,True,False
husbands,husband,partner,False,True
wives,wife,partner,False,False
girlfriends,girlfriend,partner,False,False
boyfriends,boyfriend,partner,False,True
partners,partner,partner,True,False
spouses,spouse,partner,True,False
gf,gf,partner,False,False
bf,bf,partner,False,True
gfs,gf,partner,False,False
bfs,bf,partner,False,True
significant other,significant other,partner,True,False
significant others,significant other,partner,True,False
s/o,s/o,partner,True,False